RT_Demand,DayOfWeek,HourOfDay
992.46,3.0,0.0
929.36,3.0,1.0
891.13,3.0,2.0
873.88,3.0,3.0
870.68,3.0,4.0
897.58,3.0,5.0
982.22,3.0,6.0
1115.08,3.0,7.0
1207.01,3.0,8.0
1257.02,3.0,9.0
1275.81,3.0,10.0
1292.8,3.0,11.0
1310.57,3.0,12.0
1332.21,3.0,13.0
1325.21,3.0,14.0
1320.11,3.0,15.0
1318.3,3.0,16.0
1333.49,3.0,17.0
1357.41,3.0,18.0
1376.62,3.0,19.0
1365.1,3.0,20.0
1283.85,3.0,21.0
1179.75,3.0,22.0
1073.89,3.0,23.0
981.65,4.0,0.0
919.58,4.0,1.0
879.5,4.0,2.0
861.71,4.0,3.0
860.7,4.0,4.0
888.05,4.0,5.0
966.42,4.0,6.0
1096.68,4.0,7.0
1199.97,4.0,8.0
1267.52,4.0,9.0
1302.26,4.0,10.0
1329.58,4.0,11.0
1345.65,4.0,12.0
1343.13,4.0,13.0
1331.66,4.0,14.0
1310.84,4.0,15.0
1280.01,4.0,16.0
1267.89,4.0,17.0
1288.67,4.0,18.0
1319.87,4.0,19.0
1311.4,4.0,20.0
1243.65,4.0,21.0
1155.98,4.0,22.0
1060.14,4.0,23.0
967.11,5.0,0.0
903.26,5.0,1.0
863.58,5.0,2.0
841.83,5.0,3.0
834.63,5.0,4.0
849.56,5.0,5.0
889.18,5.0,6.0
957.33,5.0,7.0
1033.32,5.0,8.0
1105.11,5.0,9.0
1141.75,5.0,10.0
1145.28,5.0,11.0
1138.19,5.0,12.0
1125.02,5.0,13.0
1112.73,5.0,14.0
1099.21,5.0,15.0
1101.35,5.0,16.0
1130.85,5.0,17.0
1183.07,5.0,18.0
1232.98,5.0,19.0
1230.26,5.0,20.0
1168.11,5.0,21.0
1093.65,5.0,22.0
1009.54,5.0,23.0
930.64,6.0,0.0
875.23,6.0,1.0
840.19,6.0,2.0
822.06,6.0,3.0
816.84,6.0,4.0
826.12,6.0,5.0
858.48,6.0,6.0
907.18,6.0,7.0
976.45,6.0,8.0
1057.3,6.0,9.0
1100.21,6.0,10.0
1111.46,6.0,11.0
1106.89,6.0,12.0
1114.04,6.0,13.0
1114.15,6.0,14.0
1118.02,6.0,15.0
1130.75,6.0,16.0
1172.32,6.0,17.0
1224.59,6.0,18.0
1271.24,6.0,19.0
1262.37,6.0,20.0
1185.46,6.0,21.0
1087.73,6.0,22.0
989.35,6.0,23.0
909.53,0.0,0.0
863.79,0.0,1.0
837.92,0.0,2.0
829.0,0.0,3.0
836.55,0.0,4.0
873.35,0.0,5.0
969.41,0.0,6.0
1118.63,0.0,7.0
1224.88,0.0,8.0
1275.28,0.0,9.0
1287.78,0.0,10.0
1282.97,0.0,11.0
1278.65,0.0,12.0
1269.36,0.0,13.0
1270.33,0.0,14.0
1270.27,0.0,15.0
1268.63,0.0,16.0
1291.39,0.0,17.0
1338.79,0.0,18.0
1388.23,0.0,19.0
1361.35,0.0,20.0
1273.15,0.0,21.0
1162.65,0.0,22.0
1051.71,0.0,23.0
960.99,1.0,0.0
908.31,1.0,1.0
880.64,1.0,2.0
862.39,1.0,3.0
866.54,1.0,4.0
899.88,1.0,5.0
993.22,1.0,6.0
1142.85,1.0,7.0
1239.39,1.0,8.0
1282.29,1.0,9.0
1299.23,1.0,10.0
1322.53,1.0,11.0
1332.17,1.0,12.0
1326.05,1.0,13.0
1309.0,1.0,14.0
1295.26,1.0,15.0
1288.47,1.0,16.0
1296.24,1.0,17.0
1340.01,1.0,18.0
1390.54,1.0,19.0
1371.49,1.0,20.0
1285.78,1.0,21.0
1177.78,1.0,22.0
1066.68,1.0,23.0
976.99,2.0,0.0
918.87,2.0,1.0
882.62,2.0,2.0
870.89,2.0,3.0
874.03,2.0,4.0
910.66,2.0,5.0
999.7,2.0,6.0
1141.42,2.0,7.0
1240.16,2.0,8.0
1280.52,2.0,9.0
1288.58,2.0,10.0
1305.13,2.0,11.0
1324.61,2.0,12.0
1346.71,2.0,13.0
1370.13,2.0,14.0
1356.24,2.0,15.0
1338.6,2.0,16.0
1345.18,2.0,17.0
1391.5,2.0,18.0
1407.64,2.0,19.0
1370.35,2.0,20.0
1287.24,2.0,21.0
1174.11,2.0,22.0
1074.13,2.0,23.0
989.62,3.0,0.0
926.62,3.0,1.0
893.38,3.0,2.0
874.12,3.0,3.0
877.3,3.0,4.0
906.43,3.0,5.0
995.65,3.0,6.0
1131.48,3.0,7.0
1230.16,3.0,8.0
1271.17,3.0,9.0
1270.91,3.0,10.0
1264.33,3.0,11.0
1258.73,3.0,12.0
1248.93,3.0,13.0
1244.73,3.0,14.0
1235.67,3.0,15.0
1240.27,3.0,16.0
1266.59,3.0,17.0
1319.42,3.0,18.0
1375.44,3.0,19.0
1359.01,3.0,20.0
1285.05,3.0,21.0
1187.39,3.0,22.0
1078.61,3.0,23.0
989.05,4.0,0.0
928.76,4.0,1.0
895.88,4.0,2.0
883.74,4.0,3.0
887.77,4.0,4.0
922.55,4.0,5.0
1014.55,4.0,6.0
1159.75,4.0,7.0
1265.3,4.0,8.0
1304.02,4.0,9.0
1295.42,4.0,10.0
1279.43,4.0,11.0
1259.28,4.0,12.0
1240.35,4.0,13.0
1224.54,4.0,14.0
1205.46,4.0,15.0
1205.27,4.0,16.0
1231.01,4.0,17.0
1277.56,4.0,18.0
1332.47,4.0,19.0
1319.6,4.0,20.0
1257.96,4.0,21.0
1172.85,4.0,22.0
1074.65,4.0,23.0
984.25,5.0,0.0
919.06,5.0,1.0
879.14,5.0,2.0
858.46,5.0,3.0
855.72,5.0,4.0
865.21,5.0,5.0
899.7,5.0,6.0
963.39,5.0,7.0
1038.61,5.0,8.0
1117.2,5.0,9.0
1145.11,5.0,10.0
1140.93,5.0,11.0
1131.5,5.0,12.0
1121.71,5.0,13.0
1116.8,5.0,14.0
1122.53,5.0,15.0
1138.63,5.0,16.0
1177.46,5.0,17.0
1229.77,5.0,18.0
1291.96,5.0,19.0
1272.61,5.0,20.0
1205.41,5.0,21.0
1127.4,5.0,22.0
1039.69,5.0,23.0
955.05,6.0,0.0
892.77,6.0,1.0
854.88,6.0,2.0
824.47,6.0,3.0
810.12,6.0,4.0
810.0,6.0,5.0
827.86,6.0,6.0
871.96,6.0,7.0
939.79,6.0,8.0
1022.2,6.0,9.0
1068.77,6.0,10.0
1079.81,6.0,11.0
1079.1,6.0,12.0
1078.97,6.0,13.0
1065.3,6.0,14.0
1061.92,6.0,15.0
1083.2,6.0,16.0
1137.63,6.0,17.0
1209.75,6.0,18.0
1266.21,6.0,19.0
1238.48,6.0,20.0
1166.06,6.0,21.0
1082.05,6.0,22.0
993.06,6.0,23.0
918.11,0.0,0.0
870.83,0.0,1.0
843.06,0.0,2.0
833.06,0.0,3.0
841.08,0.0,4.0
871.44,0.0,5.0
950.08,0.0,6.0
1068.16,0.0,7.0
1176.79,0.0,8.0
1260.96,0.0,9.0
1303.19,0.0,10.0
1318.78,0.0,11.0
1311.97,0.0,12.0
1298.87,0.0,13.0
1282.44,0.0,14.0
1267.21,0.0,15.0
1256.87,0.0,16.0
1285.23,0.0,17.0
1354.62,0.0,18.0
1403.42,0.0,19.0
1355.49,0.0,20.0
1265.74,0.0,21.0
1158.99,0.0,22.0
1049.62,0.0,23.0
962.21,1.0,0.0
902.78,1.0,1.0
871.28,1.0,2.0
857.39,1.0,3.0
862.19,1.0,4.0
896.07,1.0,5.0
984.8,1.0,6.0
1132.85,1.0,7.0
1248.26,1.0,8.0
1310.76,1.0,9.0
1343.23,1.0,10.0
1357.81,1.0,11.0
1390.27,1.0,12.0
1398.38,1.0,13.0
1384.17,1.0,14.0
1370.44,1.0,15.0
1367.39,1.0,16.0
1388.16,1.0,17.0
1433.32,1.0,18.0
1442.32,1.0,19.0
1375.47,1.0,20.0
1282.5,1.0,21.0
1174.4,1.0,22.0
1063.0,1.0,23.0
972.77,2.0,0.0
917.17,2.0,1.0
889.23,2.0,2.0
876.24,2.0,3.0
883.06,2.0,4.0
912.35,2.0,5.0
997.36,2.0,6.0
1141.97,2.0,7.0
1238.34,2.0,8.0
1266.84,2.0,9.0
1267.33,2.0,10.0
1261.52,2.0,11.0
1257.7,2.0,12.0
1254.09,2.0,13.0
1252.87,2.0,14.0
1247.9,2.0,15.0
1247.78,2.0,16.0
1267.56,2.0,17.0
1311.9,2.0,18.0
1377.6,2.0,19.0
1343.98,2.0,20.0
1262.14,2.0,21.0
1158.06,2.0,22.0
1048.24,2.0,23.0
962.1,3.0,0.0
907.21,3.0,1.0
874.96,3.0,2.0
862.67,3.0,3.0
864.03,3.0,4.0
897.37,3.0,5.0
990.25,3.0,6.0
1139.42,3.0,7.0
1240.39,3.0,8.0
1275.79,3.0,9.0
1269.8,3.0,10.0
1266.76,3.0,11.0
1269.19,3.0,12.0
1265.01,3.0,13.0
1262.72,3.0,14.0
1257.98,3.0,15.0
1263.84,3.0,16.0
1282.52,3.0,17.0
1323.31,3.0,18.0
1383.67,3.0,19.0
1355.46,3.0,20.0
1272.93,3.0,21.0
1172.44,3.0,22.0
1063.24,3.0,23.0
975.69,4.0,0.0
916.08,4.0,1.0
881.2,4.0,2.0
861.61,4.0,3.0
859.14,4.0,4.0
888.74,4.0,5.0
970.87,4.0,6.0
1105.34,4.0,7.0
1212.84,4.0,8.0
1279.22,4.0,9.0
1316.14,4.0,10.0
1350.05,4.0,11.0
1366.79,4.0,12.0
1351.4,4.0,13.0
1336.09,4.0,14.0
1316.85,4.0,15.0
1301.7,4.0,16.0
1312.82,4.0,17.0
1356.58,4.0,18.0
1357.37,4.0,19.0
1293.14,4.0,20.0
1223.57,4.0,21.0
1140.22,4.0,22.0
1047.01,4.0,23.0
960.6,5.0,0.0
899.91,5.0,1.0
862.64,5.0,2.0
844.99,5.0,3.0
839.77,5.0,4.0
853.49,5.0,5.0
894.0,5.0,6.0
964.02,5.0,7.0
1046.8,5.0,8.0
1136.31,5.0,9.0
1207.12,5.0,10.0
1224.71,5.0,11.0
1200.43,5.0,12.0
1165.12,5.0,13.0
1127.94,5.0,14.0
1109.06,5.0,15.0
1116.53,5.0,16.0
1157.19,5.0,17.0
1222.94,5.0,18.0
1285.12,5.0,19.0
1258.16,5.0,20.0
1197.47,5.0,21.0
1124.7,5.0,22.0
1044.17,5.0,23.0
968.05,6.0,0.0
915.92,6.0,1.0
882.66,6.0,2.0
865.96,6.0,3.0
862.55,6.0,4.0
873.84,6.0,5.0
907.32,6.0,6.0
963.49,6.0,7.0
1037.81,6.0,8.0
1116.18,6.0,9.0
1149.81,6.0,10.0
1145.03,6.0,11.0
1131.75,6.0,12.0
1128.51,6.0,13.0
1110.94,6.0,14.0
1102.73,6.0,15.0
1116.01,6.0,16.0
1167.18,6.0,17.0
1245.15,6.0,18.0
1316.75,6.0,19.0
1275.61,6.0,20.0
1198.0,6.0,21.0
1105.42,6.0,22.0
1007.31,6.0,23.0
929.85,0.0,0.0
884.42,0.0,1.0
859.09,0.0,2.0
851.59,0.0,3.0
862.14,0.0,4.0
904.43,0.0,5.0
1006.44,0.0,6.0
1164.49,0.0,7.0
1275.53,0.0,8.0
1315.12,0.0,9.0
1314.38,0.0,10.0
1308.18,0.0,11.0
1310.14,0.0,12.0
1292.65,0.0,13.0
1280.73,0.0,14.0
1268.81,0.0,15.0
1263.94,0.0,16.0
1284.93,0.0,17.0
1360.83,0.0,18.0
1420.77,0.0,19.0
1361.12,0.0,20.0
1273.98,0.0,21.0
1166.97,0.0,22.0
1057.46,0.0,23.0
965.32,1.0,0.0
908.88,1.0,1.0
877.55,1.0,2.0
863.45,1.0,3.0
865.88,1.0,4.0
899.68,1.0,5.0
990.14,1.0,6.0
1139.96,1.0,7.0
1250.52,1.0,8.0
1301.61,1.0,9.0
1323.7,1.0,10.0
1347.7,1.0,11.0
1362.09,1.0,12.0
1356.64,1.0,13.0
1341.3,1.0,14.0
1306.66,1.0,15.0
1299.16,1.0,16.0
1314.45,1.0,17.0
1378.87,1.0,18.0
1431.89,1.0,19.0
1380.66,1.0,20.0
1289.58,1.0,21.0
1184.66,1.0,22.0
1078.17,1.0,23.0
986.31,2.0,0.0
928.52,2.0,1.0
895.02,2.0,2.0
875.18,2.0,3.0
875.64,2.0,4.0
905.28,2.0,5.0
993.17,2.0,6.0
1134.66,2.0,7.0
1251.56,2.0,8.0
1311.74,2.0,9.0
1339.64,2.0,10.0
1355.17,2.0,11.0
1361.14,2.0,12.0
1355.17,2.0,13.0
1346.23,2.0,14.0
1331.06,2.0,15.0
1319.36,2.0,16.0
1339.21,2.0,17.0
1390.98,2.0,18.0
1438.03,2.0,19.0
1381.32,2.0,20.0
1302.69,2.0,21.0
1198.04,2.0,22.0
1094.4,2.0,23.0
1002.9,3.0,0.0
944.33,3.0,1.0
905.27,3.0,2.0
886.3,3.0,3.0
884.75,3.0,4.0
914.2,3.0,5.0
1003.26,3.0,6.0
1148.23,3.0,7.0
1244.86,3.0,8.0
1279.85,3.0,9.0
1283.48,3.0,10.0
1291.14,3.0,11.0
1294.25,3.0,12.0
1288.54,3.0,13.0
1296.4,3.0,14.0
1294.62,3.0,15.0
1295.61,3.0,16.0
1305.31,3.0,17.0
1353.5,3.0,18.0
1407.38,3.0,19.0
1359.06,3.0,20.0
1282.14,3.0,21.0
1169.9,3.0,22.0
1074.11,3.0,23.0
990.2,4.0,0.0
921.28,4.0,1.0
882.52,4.0,2.0
863.05,4.0,3.0
862.47,4.0,4.0
892.15,4.0,5.0
972.91,4.0,6.0
1106.84,4.0,7.0
1218.51,4.0,8.0
1276.05,4.0,9.0
1299.27,4.0,10.0
1319.17,4.0,11.0
1325.96,4.0,12.0
1318.01,4.0,13.0
1306.68,4.0,14.0
1288.46,4.0,15.0
1273.92,4.0,16.0
1286.1,4.0,17.0
1333.26,4.0,18.0
1365.34,4.0,19.0
1309.83,4.0,20.0
1238.19,4.0,21.0
1151.46,4.0,22.0
1057.3,4.0,23.0
968.53,5.0,0.0
904.55,5.0,1.0
865.82,5.0,2.0
843.93,5.0,3.0
836.2,5.0,4.0
845.81,5.0,5.0
880.86,5.0,6.0
945.72,5.0,7.0
1021.37,5.0,8.0
1107.78,5.0,9.0
1171.7,5.0,10.0
1197.84,5.0,11.0
1202.89,5.0,12.0
1199.71,5.0,13.0
1191.87,5.0,14.0
1175.83,5.0,15.0
1169.8,5.0,16.0
1182.73,5.0,17.0
1227.92,5.0,18.0
1275.92,5.0,19.0
1224.96,5.0,20.0
1161.55,5.0,21.0
1088.91,5.0,22.0
1008.11,5.0,23.0
930.8,6.0,0.0
877.67,6.0,1.0
845.04,6.0,2.0
828.09,6.0,3.0
822.77,6.0,4.0
832.13,6.0,5.0
866.41,6.0,6.0
920.8,6.0,7.0
997.5,6.0,8.0
1085.77,6.0,9.0
1134.3,6.0,10.0
1145.39,6.0,11.0
1158.03,6.0,12.0
1156.29,6.0,13.0
1135.97,6.0,14.0
1120.92,6.0,15.0
1127.45,6.0,16.0
1185.58,6.0,17.0
1273.76,6.0,18.0
1341.19,6.0,19.0
1297.55,6.0,20.0
1218.99,6.0,21.0
1124.84,6.0,22.0
1029.0,6.0,23.0
950.46,0.0,0.0
904.13,0.0,1.0
876.17,0.0,2.0
865.93,0.0,3.0
873.7,0.0,4.0
911.34,0.0,5.0
1007.69,0.0,6.0
1165.3,0.0,7.0
1291.91,0.0,8.0
1358.0,0.0,9.0
1397.85,0.0,10.0
1422.85,0.0,11.0
1434.57,0.0,12.0
1431.6,0.0,13.0
1416.14,0.0,14.0
1397.3,0.0,15.0
1388.44,0.0,16.0
1412.94,0.0,17.0
1469.83,0.0,18.0
1475.06,0.0,19.0
1401.41,0.0,20.0
1312.64,0.0,21.0
1204.57,0.0,22.0
1092.72,0.0,23.0
998.08,1.0,0.0
937.54,1.0,1.0
902.28,1.0,2.0
887.68,1.0,3.0
885.67,1.0,4.0
919.39,1.0,5.0
1011.22,1.0,6.0
1164.49,1.0,7.0
1277.21,1.0,8.0
1326.64,1.0,9.0
1335.32,1.0,10.0
1336.42,1.0,11.0
1334.07,1.0,12.0
1309.9,1.0,13.0
1274.61,1.0,14.0
1268.33,1.0,15.0
1279.24,1.0,16.0
1309.84,1.0,17.0
1398.6,1.0,18.0
1445.44,1.0,19.0
1385.95,1.0,20.0
1300.74,1.0,21.0
1196.15,1.0,22.0
1088.75,1.0,23.0
1002.11,2.0,0.0
946.04,2.0,1.0
912.09,2.0,2.0
898.28,2.0,3.0
900.41,2.0,4.0
935.15,2.0,5.0
1029.78,2.0,6.0
1178.64,2.0,7.0
1295.36,2.0,8.0
1354.33,2.0,9.0
1380.62,2.0,10.0
1401.73,2.0,11.0
1418.66,2.0,12.0
1415.42,2.0,13.0
1403.04,2.0,14.0
1383.52,2.0,15.0
1374.63,2.0,16.0
1391.33,2.0,17.0
1452.87,2.0,18.0
1473.46,2.0,19.0
1409.45,2.0,20.0
1325.7,2.0,21.0
1220.07,2.0,22.0
1106.89,2.0,23.0
1013.8,3.0,0.0
954.37,3.0,1.0
923.23,3.0,2.0
908.11,3.0,3.0
913.6,3.0,4.0
947.82,3.0,5.0
1042.51,3.0,6.0
1197.01,3.0,7.0
1307.04,3.0,8.0
1348.22,3.0,9.0
1364.18,3.0,10.0
1378.93,3.0,11.0
1386.47,3.0,12.0
1383.14,3.0,13.0
1385.99,3.0,14.0
1376.85,3.0,15.0
1372.98,3.0,16.0
1397.9,3.0,17.0
1465.42,3.0,18.0
1472.81,3.0,19.0
1414.76,3.0,20.0
1337.89,3.0,21.0
1235.33,3.0,22.0
1127.13,3.0,23.0
1038.53,4.0,0.0
979.37,4.0,1.0
951.54,4.0,2.0
939.32,4.0,3.0
947.2,4.0,4.0
973.69,4.0,5.0
1058.88,4.0,6.0
1206.25,4.0,7.0
1327.44,4.0,8.0
1397.56,4.0,9.0
1437.3,4.0,10.0
1468.48,4.0,11.0
1468.61,4.0,12.0
1451.56,4.0,13.0
1431.54,4.0,14.0
1396.27,4.0,15.0
1364.79,4.0,16.0
1368.75,4.0,17.0
1424.06,4.0,18.0
1474.73,4.0,19.0
1427.46,4.0,20.0
1363.01,4.0,21.0
1281.7,4.0,22.0
1186.87,4.0,23.0
1075.71,5.0,0.0
1035.17,5.0,1.0
1001.74,5.0,2.0
987.74,5.0,3.0
986.47,5.0,4.0
1003.35,5.0,5.0
1050.44,5.0,6.0
1121.86,5.0,7.0
1205.0,5.0,8.0
1281.27,5.0,9.0
1309.25,5.0,10.0
1301.94,5.0,11.0
1271.84,5.0,12.0
1235.97,5.0,13.0
1203.02,5.0,14.0
1179.04,5.0,15.0
1186.26,5.0,16.0
1232.32,5.0,17.0
1296.2,5.0,18.0
1336.36,5.0,19.0
1306.6,5.0,20.0
1263.33,5.0,21.0
1202.78,5.0,22.0
1126.47,5.0,23.0
1039.57,6.0,0.0
1006.36,6.0,1.0
958.12,6.0,2.0
943.6,6.0,3.0
941.84,6.0,4.0
958.35,6.0,5.0
998.6,6.0,6.0
1060.22,6.0,7.0
1137.38,6.0,8.0
1198.96,6.0,9.0
1226.65,6.0,10.0
1243.71,6.0,11.0
1248.65,6.0,12.0
1245.12,6.0,13.0
1238.31,6.0,14.0
1253.95,6.0,15.0
1286.61,6.0,16.0
1378.55,6.0,17.0
1422.01,6.0,18.0
1360.95,6.0,19.0
1285.68,6.0,20.0
1197.39,6.0,21.0
1098.39,6.0,22.0
1013.71,6.0,23.0
954.53,0.0,0.0
915.8,0.0,1.0
896.96,0.0,2.0
896.98,0.0,3.0
917.04,0.0,4.0
960.91,0.0,5.0
1070.35,0.0,6.0
1216.34,0.0,7.0
1310.49,0.0,8.0
1351.34,0.0,9.0
1382.05,0.0,10.0
1403.26,0.0,11.0
1420.22,0.0,12.0
1407.55,0.0,13.0
1406.88,0.0,14.0
1403.32,0.0,15.0
1412.09,0.0,16.0
1490.63,0.0,17.0
1596.08,0.0,18.0
1557.51,0.0,19.0
1481.19,0.0,20.0
1391.91,0.0,21.0
1282.17,0.0,22.0
1177.31,0.0,23.0
1098.07,1.0,0.0
1038.75,1.0,1.0
1007.84,1.0,2.0
992.6,1.0,3.0
998.45,1.0,4.0
1035.82,1.0,5.0
1139.64,1.0,6.0
1274.81,1.0,7.0
1354.41,1.0,8.0
1392.98,1.0,9.0
1392.67,1.0,10.0
1390.81,1.0,11.0
1387.48,1.0,12.0
1372.18,1.0,13.0
1374.92,1.0,14.0
1379.23,1.0,15.0
1397.45,1.0,16.0
1475.26,1.0,17.0
1570.04,1.0,18.0
1538.48,1.0,19.0
1470.22,1.0,20.0
1392.9,1.0,21.0
1299.26,1.0,22.0
1199.95,1.0,23.0
1124.41,2.0,0.0
1071.56,2.0,1.0
1036.71,2.0,2.0
1020.05,2.0,3.0
1022.96,2.0,4.0
1056.95,2.0,5.0
1151.53,2.0,6.0
1291.98,2.0,7.0
1377.88,2.0,8.0
1383.45,2.0,9.0
1363.19,2.0,10.0
1346.77,2.0,11.0
1336.94,2.0,12.0
1316.6,2.0,13.0
1307.46,2.0,14.0
1305.71,2.0,15.0
1325.34,2.0,16.0
1397.24,2.0,17.0
1502.44,2.0,18.0
1472.61,2.0,19.0
1404.32,2.0,20.0
1326.36,2.0,21.0
1225.8,2.0,22.0
1124.51,2.0,23.0
1041.78,3.0,0.0
990.48,3.0,1.0
965.42,3.0,2.0
954.68,3.0,3.0
961.5,3.0,4.0
1003.8,3.0,5.0
1110.25,3.0,6.0
1254.78,3.0,7.0
1332.17,3.0,8.0
1334.89,3.0,9.0
1316.11,3.0,10.0
1304.91,3.0,11.0
1299.39,3.0,12.0
1294.22,3.0,13.0
1294.99,3.0,14.0
1294.78,3.0,15.0
1302.94,3.0,16.0
1368.54,3.0,17.0
1462.84,3.0,18.0
1430.45,3.0,19.0
1361.51,3.0,20.0
1281.75,3.0,21.0
1175.89,3.0,22.0
1073.97,3.0,23.0
987.84,4.0,0.0
934.04,4.0,1.0
899.95,4.0,2.0
883.25,4.0,3.0
884.92,4.0,4.0
917.66,4.0,5.0
1008.8,4.0,6.0
1146.48,4.0,7.0
1245.13,4.0,8.0
1266.81,4.0,9.0
1254.39,4.0,10.0
1250.19,4.0,11.0
1251.47,4.0,12.0
1246.36,4.0,13.0
1248.86,4.0,14.0
1244.07,4.0,15.0
1248.76,4.0,16.0
1300.47,4.0,17.0
1381.49,4.0,18.0
1345.59,4.0,19.0
1280.31,4.0,20.0
1210.64,4.0,21.0
1125.52,4.0,22.0
1035.61,4.0,23.0
953.05,5.0,0.0
890.1,5.0,1.0
856.33,5.0,2.0
837.71,5.0,3.0
833.62,5.0,4.0
848.69,5.0,5.0
890.87,5.0,6.0
959.4,5.0,7.0
1031.49,5.0,8.0
1094.34,5.0,9.0
1126.64,5.0,10.0
1130.89,5.0,11.0
1123.45,5.0,12.0
1120.49,5.0,13.0
1122.22,5.0,14.0
1123.24,5.0,15.0
1138.23,5.0,16.0
1214.7,5.0,17.0
1299.07,5.0,18.0
1258.11,5.0,19.0
1194.1,5.0,20.0
1121.27,5.0,21.0
1055.44,5.0,22.0
975.55,5.0,23.0
904.18,6.0,0.0
854.79,6.0,1.0
824.04,6.0,2.0
807.59,6.0,3.0
803.93,6.0,4.0
815.24,6.0,5.0
849.33,6.0,6.0
902.61,6.0,7.0
970.04,6.0,8.0
1035.82,6.0,9.0
1073.31,6.0,10.0
1091.97,6.0,11.0
1099.83,6.0,12.0
1105.88,6.0,13.0
1105.06,6.0,14.0
1112.32,6.0,15.0
1143.65,6.0,16.0
1235.63,6.0,17.0
1338.54,6.0,18.0
1295.54,6.0,19.0
1224.17,6.0,20.0
1143.08,6.0,21.0
1054.0,6.0,22.0
964.75,6.0,23.0
900.46,0.0,0.0
858.51,0.0,1.0
839.66,0.0,2.0
831.98,0.0,3.0
843.71,0.0,4.0
882.69,0.0,5.0
985.71,0.0,6.0
1136.97,0.0,7.0
1233.11,0.0,8.0
1253.65,0.0,9.0
1253.03,0.0,10.0
1254.04,0.0,11.0
1259.24,0.0,12.0
1259.96,0.0,13.0
1266.64,0.0,14.0
1265.16,0.0,15.0
1275.37,0.0,16.0
1338.17,0.0,17.0
1443.31,0.0,18.0
1405.26,0.0,19.0
1325.77,0.0,20.0
1240.32,0.0,21.0
1140.46,0.0,22.0
1039.41,0.0,23.0
959.15,1.0,0.0
903.27,1.0,1.0
876.23,1.0,2.0
866.39,1.0,3.0
873.99,1.0,4.0
914.35,1.0,5.0
1013.33,1.0,6.0
1158.86,1.0,7.0
1248.14,1.0,8.0
1262.54,1.0,9.0
1255.47,1.0,10.0
1256.08,1.0,11.0
1269.23,1.0,12.0
1269.13,1.0,13.0
1276.7,1.0,14.0
1279.17,1.0,15.0
1290.24,1.0,16.0
1349.51,1.0,17.0
1439.89,1.0,18.0
1400.23,1.0,19.0
1325.97,1.0,20.0
1240.27,1.0,21.0
1139.47,1.0,22.0
1041.49,1.0,23.0
960.91,2.0,0.0
904.3,2.0,1.0
872.65,2.0,2.0
857.18,2.0,3.0
859.44,2.0,4.0
890.92,2.0,5.0
973.23,2.0,6.0
1084.13,2.0,7.0
1177.17,2.0,8.0
1237.64,2.0,9.0
1262.16,2.0,10.0
1294.29,2.0,11.0
1324.07,2.0,12.0
1336.85,2.0,13.0
1347.44,2.0,14.0
1339.1,2.0,15.0
1348.05,2.0,16.0
1419.62,2.0,17.0
1476.96,2.0,18.0
1436.92,2.0,19.0
1362.95,2.0,20.0
1280.82,2.0,21.0
1178.76,2.0,22.0
1075.93,2.0,23.0
991.97,3.0,0.0
933.02,3.0,1.0
898.68,3.0,2.0
880.39,3.0,3.0
878.68,3.0,4.0
908.36,3.0,5.0
992.49,3.0,6.0
1130.63,3.0,7.0
1228.16,3.0,8.0
1277.14,3.0,9.0
1304.5,3.0,10.0
1329.0,3.0,11.0
1335.4,3.0,12.0
1333.97,3.0,13.0
1326.65,3.0,14.0
1313.98,3.0,15.0
1319.56,3.0,16.0
1386.75,3.0,17.0
1451.57,3.0,18.0
1416.13,3.0,19.0
1344.62,3.0,20.0
1267.89,3.0,21.0
1171.57,3.0,22.0
1070.85,3.0,23.0
990.26,4.0,0.0
938.98,4.0,1.0
908.79,4.0,2.0
897.13,4.0,3.0
903.66,4.0,4.0
938.69,4.0,5.0
1034.0,4.0,6.0
1169.61,4.0,7.0
1272.25,4.0,8.0
1338.41,4.0,9.0
1366.34,4.0,10.0
1385.93,4.0,11.0
1404.45,4.0,12.0
1402.25,4.0,13.0
1392.86,4.0,14.0
1379.32,4.0,15.0
1377.47,4.0,16.0
1426.98,4.0,17.0
1477.2,4.0,18.0
1437.06,4.0,19.0
1368.52,4.0,20.0
1295.19,4.0,21.0
1205.68,4.0,22.0
1114.44,4.0,23.0
1030.58,5.0,0.0
971.66,5.0,1.0
938.2,5.0,2.0
922.23,5.0,3.0
919.74,5.0,4.0
937.83,5.0,5.0
985.12,5.0,6.0
1053.49,5.0,7.0
1125.4,5.0,8.0
1188.98,5.0,9.0
1218.81,5.0,10.0
1233.59,5.0,11.0
1235.47,5.0,12.0
1229.49,5.0,13.0
1212.93,5.0,14.0
1212.29,5.0,15.0
1238.79,5.0,16.0
1333.16,5.0,17.0
1417.84,5.0,18.0
1387.36,5.0,19.0
1332.39,5.0,20.0
1271.13,5.0,21.0
1195.18,5.0,22.0
1115.62,5.0,23.0
1045.16,6.0,0.0
995.18,6.0,1.0
967.0,6.0,2.0
955.54,6.0,3.0
956.41,6.0,4.0
974.61,6.0,5.0
1012.61,6.0,6.0
1065.74,6.0,7.0
1123.07,6.0,8.0
1177.0,6.0,9.0
1203.93,6.0,10.0
1228.94,6.0,11.0
1281.47,6.0,12.0
1301.18,6.0,13.0
1286.79,6.0,14.0
1282.73,6.0,15.0
1305.67,6.0,16.0
1403.73,6.0,17.0
1465.67,6.0,18.0
1413.61,6.0,19.0
1334.32,6.0,20.0
1249.06,6.0,21.0
1151.23,6.0,22.0
1055.42,6.0,23.0
966.02,0.0,0.0
910.38,0.0,1.0
882.62,0.0,2.0
873.31,0.0,3.0
887.78,0.0,4.0
933.17,0.0,5.0
1037.91,0.0,6.0
1183.15,0.0,7.0
1277.98,0.0,8.0
1313.0,0.0,9.0
1326.98,0.0,10.0
1350.26,0.0,11.0
1363.46,0.0,12.0
1369.85,0.0,13.0
1370.59,0.0,14.0
1368.87,0.0,15.0
1378.95,0.0,16.0
1458.32,0.0,17.0
1536.51,0.0,18.0
1501.98,0.0,19.0
1427.11,0.0,20.0
1342.78,0.0,21.0
1240.48,0.0,22.0
1136.77,0.0,23.0
1049.91,1.0,0.0
998.32,1.0,1.0
969.02,1.0,2.0
959.61,1.0,3.0
968.56,1.0,4.0
1011.86,1.0,5.0
1117.08,1.0,6.0
1265.82,1.0,7.0
1360.02,1.0,8.0
1379.59,1.0,9.0
1362.21,1.0,10.0
1367.53,1.0,11.0
1381.63,1.0,12.0
1386.88,1.0,13.0
1372.18,1.0,14.0
1363.15,1.0,15.0
1383.5,1.0,16.0
1482.47,1.0,17.0
1571.69,1.0,18.0
1550.79,1.0,19.0
1487.81,1.0,20.0
1413.74,1.0,21.0
1315.51,1.0,22.0
1213.43,1.0,23.0
1135.19,2.0,0.0
1095.12,2.0,1.0
1074.79,2.0,2.0
1070.63,2.0,3.0
1083.61,2.0,4.0
1134.68,2.0,5.0
1236.37,2.0,6.0
1386.28,2.0,7.0
1474.06,2.0,8.0
1507.39,2.0,9.0
1513.09,2.0,10.0
1516.66,2.0,11.0
1511.22,2.0,12.0
1491.71,2.0,13.0
1482.72,2.0,14.0
1483.88,2.0,15.0
1513.62,2.0,16.0
1618.31,2.0,17.0
1706.32,2.0,18.0
1677.69,2.0,19.0
1610.22,2.0,20.0
1528.37,2.0,21.0
1423.23,2.0,22.0
1313.29,2.0,23.0
1238.01,3.0,0.0
1185.38,3.0,1.0
1154.74,3.0,2.0
1145.02,3.0,3.0
1150.62,3.0,4.0
1181.62,3.0,5.0
1278.81,3.0,6.0
1422.65,3.0,7.0
1508.12,3.0,8.0
1536.41,3.0,9.0
1531.12,3.0,10.0
1526.43,3.0,11.0
1508.57,3.0,12.0
1463.0,3.0,13.0
1438.57,3.0,14.0
1444.99,3.0,15.0
1459.2,3.0,16.0
1538.04,3.0,17.0
1618.91,3.0,18.0
1587.08,3.0,19.0
1524.71,3.0,20.0
1449.69,3.0,21.0
1337.77,3.0,22.0
1224.49,3.0,23.0
1120.47,4.0,0.0
1057.35,4.0,1.0
1016.93,4.0,2.0
997.05,4.0,3.0
996.43,4.0,4.0
1030.14,4.0,5.0
1118.67,4.0,6.0
1253.17,4.0,7.0
1347.81,4.0,8.0
1394.29,4.0,9.0
1406.72,4.0,10.0
1395.8,4.0,11.0
1383.67,4.0,12.0
1365.87,4.0,13.0
1323.09,4.0,14.0
1303.41,4.0,15.0
1311.13,4.0,16.0
1384.62,4.0,17.0
1457.78,4.0,18.0
1430.0,4.0,19.0
1367.96,4.0,20.0
1297.39,4.0,21.0
1212.17,4.0,22.0
1116.16,4.0,23.0
1032.57,5.0,0.0
976.65,5.0,1.0
938.26,5.0,2.0
919.15,5.0,3.0
913.14,5.0,4.0
932.41,5.0,5.0
976.13,5.0,6.0
1044.75,5.0,7.0
1117.15,5.0,8.0
1184.54,5.0,9.0
1212.5,5.0,10.0
1211.37,5.0,11.0
1196.09,5.0,12.0
1178.41,5.0,13.0
1168.82,5.0,14.0
1171.7,5.0,15.0
1207.2,5.0,16.0
1314.31,5.0,17.0
1392.43,5.0,18.0
1355.5,5.0,19.0
1298.0,5.0,20.0
1237.69,5.0,21.0
1163.95,5.0,22.0
1084.34,5.0,23.0
1009.96,6.0,0.0
964.69,6.0,1.0
942.94,6.0,2.0
937.4,6.0,3.0
941.25,6.0,4.0
961.67,6.0,5.0
1005.86,6.0,6.0
1060.11,6.0,7.0
1128.46,6.0,8.0
1195.54,6.0,9.0
1247.62,6.0,10.0
1284.92,6.0,11.0
1314.13,6.0,12.0
1332.3,6.0,13.0
1336.57,6.0,14.0
1342.25,6.0,15.0
1368.39,6.0,16.0
1462.73,6.0,17.0
1506.46,6.0,18.0
1455.12,6.0,19.0
1380.88,6.0,20.0
1297.28,6.0,21.0
1196.52,6.0,22.0
1093.8,6.0,23.0
1020.45,0.0,0.0
967.61,0.0,1.0
938.65,0.0,2.0
925.15,0.0,3.0
928.97,0.0,4.0
970.88,0.0,5.0
1056.68,0.0,6.0
1195.96,0.0,7.0
1314.89,0.0,8.0
1385.66,0.0,9.0
1424.7,0.0,10.0
1455.9,0.0,11.0
1478.03,0.0,12.0
1467.75,0.0,13.0
1438.46,0.0,14.0
1415.04,0.0,15.0
1410.3,0.0,16.0
1490.96,0.0,17.0
1579.37,0.0,18.0
1553.2,0.0,19.0
1485.07,0.0,20.0
1401.87,0.0,21.0
1311.71,0.0,22.0
1208.82,0.0,23.0
1122.83,1.0,0.0
1062.86,1.0,1.0
1030.05,1.0,2.0
1020.94,1.0,3.0
1027.24,1.0,4.0
1068.44,1.0,5.0
1168.65,1.0,6.0
1310.77,1.0,7.0
1408.97,1.0,8.0
1446.78,1.0,9.0
1445.34,1.0,10.0
1428.25,1.0,11.0
1417.81,1.0,12.0
1405.88,1.0,13.0
1404.42,1.0,14.0
1410.93,1.0,15.0
1440.71,1.0,16.0
1549.34,1.0,17.0
1641.54,1.0,18.0
1618.26,1.0,19.0
1562.21,1.0,20.0
1489.68,1.0,21.0
1398.39,1.0,22.0
1292.42,1.0,23.0
1206.9,2.0,0.0
1147.98,2.0,1.0
1118.6,2.0,2.0
1103.92,2.0,3.0
1104.57,2.0,4.0
1139.14,2.0,5.0
1223.37,2.0,6.0
1348.62,2.0,7.0
1453.4,2.0,8.0
1525.17,2.0,9.0
1561.81,2.0,10.0
1580.42,2.0,11.0
1576.97,2.0,12.0
1553.41,2.0,13.0
1534.52,2.0,14.0
1509.22,2.0,15.0
1494.01,2.0,16.0
1551.44,2.0,17.0
1588.66,2.0,18.0
1546.87,2.0,19.0
1483.67,2.0,20.0
1406.29,2.0,21.0
1306.49,2.0,22.0
1196.56,2.0,23.0
1093.99,3.0,0.0
1019.44,3.0,1.0
973.26,3.0,2.0
946.18,3.0,3.0
937.2,3.0,4.0
949.76,3.0,5.0
989.51,3.0,6.0
1050.86,3.0,7.0
1144.26,3.0,8.0
1274.1,3.0,9.0
1388.81,3.0,10.0
1462.0,3.0,11.0
1501.84,3.0,12.0
1495.98,3.0,13.0
1439.86,3.0,14.0
1370.38,3.0,15.0
1320.05,3.0,16.0
1316.45,3.0,17.0
1295.71,3.0,18.0
1257.99,3.0,19.0
1220.63,3.0,20.0
1182.4,3.0,21.0
1123.5,3.0,22.0
1049.33,3.0,23.0
980.56,4.0,0.0
929.15,4.0,1.0
900.73,4.0,2.0
888.49,4.0,3.0
889.89,4.0,4.0
917.91,4.0,5.0
978.75,4.0,6.0
1050.92,4.0,7.0
1116.37,4.0,8.0
1166.51,4.0,9.0
1209.67,4.0,10.0
1249.19,4.0,11.0
1264.14,4.0,12.0
1263.64,4.0,13.0
1247.62,4.0,14.0
1240.43,4.0,15.0
1256.37,4.0,16.0
1340.21,4.0,17.0
1390.55,4.0,18.0
1360.01,4.0,19.0
1304.04,4.0,20.0
1239.78,4.0,21.0
1163.06,4.0,22.0
1075.39,4.0,23.0
990.77,5.0,0.0
927.95,5.0,1.0
894.44,5.0,2.0
875.5,5.0,3.0
874.1,5.0,4.0
890.63,5.0,5.0
930.23,5.0,6.0
991.72,5.0,7.0
1069.04,5.0,8.0
1151.57,5.0,9.0
1215.25,5.0,10.0
1237.42,5.0,11.0
1241.23,5.0,12.0
1239.27,5.0,13.0
1218.37,5.0,14.0
1214.25,5.0,15.0
1238.27,5.0,16.0
1337.97,5.0,17.0
1413.34,5.0,18.0
1384.82,5.0,19.0
1335.71,5.0,20.0
1279.21,5.0,21.0
1206.36,5.0,22.0
1117.53,5.0,23.0
1038.45,6.0,0.0
981.74,6.0,1.0
951.16,6.0,2.0
933.44,6.0,3.0
931.41,6.0,4.0
945.15,6.0,5.0
982.37,6.0,6.0
1035.55,6.0,7.0
1097.48,6.0,8.0
1157.42,6.0,9.0
1187.31,6.0,10.0
1192.49,6.0,11.0
1187.77,6.0,12.0
1184.61,6.0,13.0
1177.93,6.0,14.0
1184.03,6.0,15.0
1223.95,6.0,16.0
1364.33,6.0,17.0
1460.05,6.0,18.0
1431.29,6.0,19.0
1374.65,6.0,20.0
1303.97,6.0,21.0
1210.39,6.0,22.0
1109.97,6.0,23.0
1032.45,0.0,0.0
985.83,0.0,1.0
958.94,0.0,2.0
954.56,0.0,3.0
966.78,0.0,4.0
1012.41,0.0,5.0
1113.81,0.0,6.0
1260.13,0.0,7.0
1371.91,0.0,8.0
1428.66,0.0,9.0
1446.25,0.0,10.0
1467.92,0.0,11.0
1495.9,0.0,12.0
1510.62,0.0,13.0
1508.29,0.0,14.0
1489.11,0.0,15.0
1492.18,0.0,16.0
1552.71,0.0,17.0
1593.18,0.0,18.0
1537.77,0.0,19.0
1446.77,0.0,20.0
1348.98,0.0,21.0
1243.34,0.0,22.0
1126.81,0.0,23.0
1031.9,1.0,0.0
967.6,1.0,1.0
931.47,1.0,2.0
913.16,1.0,3.0
912.52,1.0,4.0
943.57,1.0,5.0
1029.97,1.0,6.0
1167.45,1.0,7.0
1265.62,1.0,8.0
1312.7,1.0,9.0
1329.98,1.0,10.0
1345.46,1.0,11.0
1355.09,1.0,12.0
1354.11,1.0,13.0
1345.85,1.0,14.0
1326.47,1.0,15.0
1328.15,1.0,16.0
1426.45,1.0,17.0
1510.15,1.0,18.0
1482.7,1.0,19.0
1419.68,1.0,20.0
1340.11,1.0,21.0
1238.02,1.0,22.0
1126.65,1.0,23.0
1034.62,2.0,0.0
978.84,2.0,1.0
950.02,2.0,2.0
939.94,2.0,3.0
949.66,2.0,4.0
993.92,2.0,5.0
1094.7,2.0,6.0
1243.99,2.0,7.0
1342.68,2.0,8.0
1372.64,2.0,9.0
1375.65,2.0,10.0
1387.87,2.0,11.0
1411.39,2.0,12.0
1417.22,2.0,13.0
1422.86,2.0,14.0
1424.1,2.0,15.0
1456.6,2.0,16.0
1551.86,2.0,17.0
1623.58,2.0,18.0
1592.19,2.0,19.0
1529.52,2.0,20.0
1450.16,2.0,21.0
1339.52,2.0,22.0
1220.86,2.0,23.0
1123.82,3.0,0.0
1063.73,3.0,1.0
1037.07,3.0,2.0
1026.5,3.0,3.0
1035.63,3.0,4.0
1081.82,3.0,5.0
1181.56,3.0,6.0
1328.45,3.0,7.0
1423.02,3.0,8.0
1436.9,3.0,9.0
1408.47,3.0,10.0
1384.51,3.0,11.0
1364.67,3.0,12.0
1353.63,3.0,13.0
1343.3,3.0,14.0
1345.31,3.0,15.0
1372.2,3.0,16.0
1489.59,3.0,17.0
1587.37,3.0,18.0
1564.68,3.0,19.0
1503.42,3.0,20.0
1418.85,3.0,21.0
1315.21,3.0,22.0
1195.24,3.0,23.0
1096.95,4.0,0.0
1032.67,4.0,1.0
998.1,4.0,2.0
983.02,4.0,3.0
988.0,4.0,4.0
1029.29,4.0,5.0
1121.64,4.0,6.0
1255.99,4.0,7.0
1362.57,4.0,8.0
1408.54,4.0,9.0
1421.57,4.0,10.0
1390.1,4.0,11.0
1371.42,4.0,12.0
1359.67,4.0,13.0
1365.41,4.0,14.0
1357.18,4.0,15.0
1356.12,4.0,16.0
1448.36,4.0,17.0
1516.14,4.0,18.0
1490.84,4.0,19.0
1437.4,4.0,20.0
1372.03,4.0,21.0
1280.58,4.0,22.0
1173.08,4.0,23.0
1077.31,5.0,0.0
1005.19,5.0,1.0
965.68,5.0,2.0
943.91,5.0,3.0
938.38,5.0,4.0
953.16,5.0,5.0
999.19,5.0,6.0
1077.0,5.0,7.0
1157.87,5.0,8.0
1255.8,5.0,9.0
1343.21,5.0,10.0
1406.18,5.0,11.0
1447.78,5.0,12.0
1466.65,5.0,13.0
1465.71,5.0,14.0
1459.29,5.0,15.0
1476.3,5.0,16.0
1547.07,5.0,17.0
1561.85,5.0,18.0
1489.8,5.0,19.0
1412.96,5.0,20.0
1338.48,5.0,21.0
1257.23,5.0,22.0
1166.86,5.0,23.0
1077.21,6.0,0.0
1015.37,6.0,1.0
986.1,6.0,2.0
970.01,6.0,3.0
968.03,6.0,4.0
982.94,6.0,5.0
1021.47,6.0,6.0
1074.94,6.0,7.0
1138.89,6.0,8.0
1224.73,6.0,9.0
1291.48,6.0,10.0
1332.98,6.0,11.0
1362.94,6.0,12.0
1386.65,6.0,13.0
1393.4,6.0,14.0
1400.01,6.0,15.0
1436.29,6.0,16.0
1560.85,6.0,17.0
1639.84,6.0,18.0
1610.15,6.0,19.0
1549.74,6.0,20.0
1471.56,6.0,21.0
1371.79,6.0,22.0
1261.94,6.0,23.0
1177.77,0.0,0.0
1122.95,0.0,1.0
1096.69,0.0,2.0
1090.94,0.0,3.0
1096.37,0.0,4.0
1136.63,0.0,5.0
1241.4,0.0,6.0
1388.94,0.0,7.0
1501.13,0.0,8.0
1547.6,0.0,9.0
1561.98,0.0,10.0
1572.36,0.0,11.0
1576.2,0.0,12.0
1584.18,0.0,13.0
1591.87,0.0,14.0
1589.79,0.0,15.0
1612.06,0.0,16.0
1712.69,0.0,17.0
1784.08,0.0,18.0
1750.69,0.0,19.0
1679.73,0.0,20.0
1590.55,0.0,21.0
1480.54,0.0,22.0
1353.76,0.0,23.0
1237.41,1.0,0.0
1169.1,1.0,1.0
1136.11,1.0,2.0
1119.38,1.0,3.0
1124.7,1.0,4.0
1166.07,1.0,5.0
1264.02,1.0,6.0
1406.82,1.0,7.0
1512.92,1.0,8.0
1562.12,1.0,9.0
1577.15,1.0,10.0
1586.89,1.0,11.0
1587.17,1.0,12.0
1580.77,1.0,13.0
1574.6,1.0,14.0
1568.3,1.0,15.0
1582.59,1.0,16.0
1686.58,1.0,17.0
1767.27,1.0,18.0
1736.2,1.0,19.0
1688.76,1.0,20.0
1608.73,1.0,21.0
1496.78,1.0,22.0
1372.33,1.0,23.0
1272.58,2.0,0.0
1204.1,2.0,1.0
1172.48,2.0,2.0
1160.97,2.0,3.0
1168.53,2.0,4.0
1207.86,2.0,5.0
1301.03,2.0,6.0
1440.44,2.0,7.0
1541.65,2.0,8.0
1585.2,2.0,9.0
1576.38,2.0,10.0
1581.64,2.0,11.0
1572.68,2.0,12.0
1573.42,2.0,13.0
1564.18,2.0,14.0
1548.21,2.0,15.0
1553.4,2.0,16.0
1647.65,2.0,17.0
1721.1,2.0,18.0
1687.04,2.0,19.0
1616.98,2.0,20.0
1531.33,2.0,21.0
1414.98,2.0,22.0
1285.14,2.0,23.0
1183.04,3.0,0.0
1117.48,3.0,1.0
1083.37,3.0,2.0
1070.62,3.0,3.0
1073.19,3.0,4.0
1109.87,3.0,5.0
1202.53,3.0,6.0
1340.83,3.0,7.0
1442.45,3.0,8.0
1480.54,3.0,9.0
1474.87,3.0,10.0
1479.52,3.0,11.0
1489.15,3.0,12.0
1479.83,3.0,13.0
1472.98,3.0,14.0
1455.72,3.0,15.0
1466.81,3.0,16.0
1570.09,3.0,17.0
1658.65,3.0,18.0
1635.57,3.0,19.0
1575.02,3.0,20.0
1502.88,3.0,21.0
1396.82,3.0,22.0
1279.21,3.0,23.0
1179.65,4.0,0.0
1110.06,4.0,1.0
1073.68,4.0,2.0
1061.16,4.0,3.0
1069.39,4.0,4.0
1107.66,4.0,5.0
1194.77,4.0,6.0
1327.99,4.0,7.0
1429.09,4.0,8.0
1463.21,4.0,9.0
1454.49,4.0,10.0
1448.49,4.0,11.0
1426.32,4.0,12.0
1406.82,4.0,13.0
1398.65,4.0,14.0
1383.38,4.0,15.0
1397.82,4.0,16.0
1512.11,4.0,17.0
1591.73,4.0,18.0
1563.69,4.0,19.0
1507.09,4.0,20.0
1436.12,4.0,21.0
1346.51,4.0,22.0
1239.97,4.0,23.0
1141.41,5.0,0.0
1068.06,5.0,1.0
1026.79,5.0,2.0
1011.52,5.0,3.0
1008.65,5.0,4.0
1025.12,5.0,5.0
1072.56,5.0,6.0
1146.14,5.0,7.0
1225.06,5.0,8.0
1300.68,5.0,9.0
1343.78,5.0,10.0
1374.74,5.0,11.0
1383.78,5.0,12.0
1383.66,5.0,13.0
1390.39,5.0,14.0
1398.23,5.0,15.0
1425.92,5.0,16.0
1508.94,5.0,17.0
1545.5,5.0,18.0
1503.72,5.0,19.0
1437.15,5.0,20.0
1361.56,5.0,21.0
1277.17,5.0,22.0
1178.17,5.0,23.0
1084.29,6.0,0.0
1016.56,6.0,1.0
976.97,6.0,2.0
953.96,6.0,3.0
946.88,6.0,4.0
958.34,6.0,5.0
990.73,6.0,6.0
1045.91,6.0,7.0
1124.98,6.0,8.0
1214.94,6.0,9.0
1288.11,6.0,10.0
1324.03,6.0,11.0
1344.72,6.0,12.0
1356.09,6.0,13.0
1336.4,6.0,14.0
1317.54,6.0,15.0
1339.21,6.0,16.0
1469.45,6.0,17.0
1547.22,6.0,18.0
1508.04,6.0,19.0
1443.13,6.0,20.0
1366.35,6.0,21.0
1266.78,6.0,22.0
1159.67,6.0,23.0
1075.2,0.0,0.0
1020.03,0.0,1.0
993.22,0.0,2.0
985.69,0.0,3.0
993.56,0.0,4.0
1034.55,0.0,5.0
1136.9,0.0,6.0
1287.27,0.0,7.0
1405.01,0.0,8.0
1469.03,0.0,9.0
1496.19,0.0,10.0
1507.43,0.0,11.0
1515.69,0.0,12.0
1520.69,0.0,13.0
1511.97,0.0,14.0
1503.63,0.0,15.0
1524.01,0.0,16.0
1620.81,0.0,17.0
1693.08,0.0,18.0
1663.5,0.0,19.0
1594.73,0.0,20.0
1518.98,0.0,21.0
1408.89,0.0,22.0
1288.1,0.0,23.0
1189.73,1.0,0.0
1127.49,1.0,1.0
1096.83,1.0,2.0
1090.08,1.0,3.0
1101.86,1.0,4.0
1148.21,1.0,5.0
1251.41,1.0,6.0
1405.81,1.0,7.0
1518.03,1.0,8.0
1549.71,1.0,9.0
1546.5,1.0,10.0
1543.96,1.0,11.0
1532.37,1.0,12.0
1528.01,1.0,13.0
1531.9,1.0,14.0
1544.82,1.0,15.0
1588.06,1.0,16.0
1718.87,1.0,17.0
1824.64,1.0,18.0
1816.15,1.0,19.0
1759.32,1.0,20.0
1682.88,1.0,21.0
1573.2,1.0,22.0
1446.51,1.0,23.0
1344.68,2.0,0.0
1285.97,2.0,1.0
1250.38,2.0,2.0
1223.69,2.0,3.0
1235.67,2.0,4.0
1272.68,2.0,5.0
1370.16,2.0,6.0
1522.06,2.0,7.0
1634.4,2.0,8.0
1670.49,2.0,9.0
1675.49,2.0,10.0
1678.81,2.0,11.0
1654.56,2.0,12.0
1642.19,2.0,13.0
1639.84,2.0,14.0
1648.01,2.0,15.0
1672.8,2.0,16.0
1780.16,2.0,17.0
1843.0,2.0,18.0
1818.16,2.0,19.0
1759.08,2.0,20.0
1675.9,2.0,21.0
1564.96,2.0,22.0
1440.18,2.0,23.0
1335.16,3.0,0.0
1269.08,3.0,1.0
1241.31,3.0,2.0
1230.38,3.0,3.0
1233.31,3.0,4.0
1264.66,3.0,5.0
1339.73,3.0,6.0
1443.01,3.0,7.0
1547.85,3.0,8.0
1632.28,3.0,9.0
1685.1,3.0,10.0
1722.86,3.0,11.0
1742.61,3.0,12.0
1739.74,3.0,13.0
1708.7,3.0,14.0
1669.46,3.0,15.0
1654.23,3.0,16.0
1749.27,3.0,17.0
1847.26,3.0,18.0
1809.27,3.0,19.0
1734.73,3.0,20.0
1640.8,3.0,21.0
1523.52,3.0,22.0
1394.31,3.0,23.0
1289.76,4.0,0.0
1222.66,4.0,1.0
1187.45,4.0,2.0
1175.0,4.0,3.0
1183.89,4.0,4.0
1217.08,4.0,5.0
1306.7,4.0,6.0
1440.19,4.0,7.0
1549.95,4.0,8.0
1607.13,4.0,9.0
1628.39,4.0,10.0
1634.81,4.0,11.0
1612.48,4.0,12.0
1571.93,4.0,13.0
1539.7,4.0,14.0
1527.93,4.0,15.0
1548.01,4.0,16.0
1660.09,4.0,17.0
1754.56,4.0,18.0
1735.01,4.0,19.0
1688.22,4.0,20.0
1623.36,4.0,21.0
1536.8,4.0,22.0
1430.99,4.0,23.0
1335.82,5.0,0.0
1268.24,5.0,1.0
1232.55,5.0,2.0
1219.34,5.0,3.0
1222.25,5.0,4.0
1241.93,5.0,5.0
1290.15,5.0,6.0
1371.02,5.0,7.0
1459.82,5.0,8.0
1538.29,5.0,9.0
1569.46,5.0,10.0
1559.96,5.0,11.0
1527.52,5.0,12.0
1497.08,5.0,13.0
1474.57,5.0,14.0
1472.1,5.0,15.0
1505.1,5.0,16.0
1625.86,5.0,17.0
1695.87,5.0,18.0
1660.96,5.0,19.0
1605.34,5.0,20.0
1546.68,5.0,21.0
1464.89,5.0,22.0
1362.55,5.0,23.0
1266.34,6.0,0.0
1198.46,6.0,1.0
1161.56,6.0,2.0
1141.05,6.0,3.0
1133.51,6.0,4.0
1145.16,6.0,5.0
1183.91,6.0,6.0
1244.02,6.0,7.0
1323.64,6.0,8.0
1409.69,6.0,9.0
1474.93,6.0,10.0
1505.41,6.0,11.0
1523.32,6.0,12.0
1529.23,6.0,13.0
1514.18,6.0,14.0
1507.08,6.0,15.0
1532.6,6.0,16.0
1645.14,6.0,17.0
1709.0,6.0,18.0
1667.12,6.0,19.0
1594.1,6.0,20.0
1511.06,6.0,21.0
1404.36,6.0,22.0
1284.52,6.0,23.0
1188.12,0.0,0.0
1125.55,0.0,1.0
1092.52,0.0,2.0
1080.28,0.0,3.0
1088.81,0.0,4.0
1125.76,0.0,5.0
1217.94,0.0,6.0
1356.25,0.0,7.0
1470.45,0.0,8.0
1533.05,0.0,9.0
1555.02,0.0,10.0
1560.58,0.0,11.0
1552.42,0.0,12.0
1534.38,0.0,13.0
1517.7,0.0,14.0
1492.87,0.0,15.0
1502.39,0.0,16.0
1606.43,0.0,17.0
1691.84,0.0,18.0
1662.99,0.0,19.0
1601.75,0.0,20.0
1518.67,0.0,21.0
1410.34,0.0,22.0
1286.76,0.0,23.0
1175.3,1.0,0.0
1105.18,1.0,1.0
1076.52,1.0,2.0
1068.59,1.0,3.0
1071.27,1.0,4.0
1113.73,1.0,5.0
1210.59,1.0,6.0
1354.82,1.0,7.0
1465.2,1.0,8.0
1506.75,1.0,9.0
1511.0,1.0,10.0
1503.15,1.0,11.0
1492.3,1.0,12.0
1484.68,1.0,13.0
1477.37,1.0,14.0
1476.4,1.0,15.0
1493.03,1.0,16.0
1593.13,1.0,17.0
1677.6,1.0,18.0
1659.45,1.0,19.0
1602.88,1.0,20.0
1527.97,1.0,21.0
1426.21,1.0,22.0
1305.6,1.0,23.0
1200.79,2.0,0.0
1130.25,2.0,1.0
1096.38,2.0,2.0
1088.85,2.0,3.0
1098.21,2.0,4.0
1142.13,2.0,5.0
1232.22,2.0,6.0
1366.55,2.0,7.0
1475.78,2.0,8.0
1524.82,2.0,9.0
1523.89,2.0,10.0
1512.67,2.0,11.0
1502.8,2.0,12.0
1499.06,2.0,13.0
1496.61,2.0,14.0
1492.89,2.0,15.0
1498.62,2.0,16.0
1595.73,2.0,17.0
1669.11,2.0,18.0
1646.08,2.0,19.0
1592.01,2.0,20.0
1526.2,2.0,21.0
1432.67,2.0,22.0
1314.76,2.0,23.0
1200.59,3.0,0.0
1123.13,3.0,1.0
1082.27,3.0,2.0
1061.97,3.0,3.0
1054.67,3.0,4.0
1075.29,3.0,5.0
1135.28,3.0,6.0
1223.69,3.0,7.0
1309.92,3.0,8.0
1386.83,3.0,9.0
1426.62,3.0,10.0
1423.72,3.0,11.0
1424.39,3.0,12.0
1399.96,3.0,13.0
1384.03,3.0,14.0
1382.11,3.0,15.0
1394.25,3.0,16.0
1480.0,3.0,17.0
1504.72,3.0,18.0
1442.0,3.0,19.0
1368.69,3.0,20.0
1307.69,3.0,21.0
1239.75,3.0,22.0
1155.89,3.0,23.0
1066.99,4.0,0.0
991.54,4.0,1.0
943.64,4.0,2.0
917.46,4.0,3.0
907.53,4.0,4.0
914.37,4.0,5.0
945.79,4.0,6.0
998.01,4.0,7.0
1082.83,4.0,8.0
1172.71,4.0,9.0
1227.91,4.0,10.0
1258.95,4.0,11.0
1272.07,4.0,12.0
1277.89,4.0,13.0
1268.09,4.0,14.0
1266.26,4.0,15.0
1281.8,4.0,16.0
1332.94,4.0,17.0
1341.92,4.0,18.0
1304.97,4.0,19.0
1256.92,4.0,20.0
1210.55,4.0,21.0
1148.16,4.0,22.0
1078.12,4.0,23.0
1008.2,5.0,0.0
955.62,5.0,1.0
930.55,5.0,2.0
921.59,5.0,3.0
924.62,5.0,4.0
944.33,5.0,5.0
990.69,5.0,6.0
1057.8,5.0,7.0
1146.25,5.0,8.0
1231.91,5.0,9.0
1301.6,5.0,10.0
1356.14,5.0,11.0
1358.09,5.0,12.0
1350.97,5.0,13.0
1346.2,5.0,14.0
1355.72,5.0,15.0
1399.88,5.0,16.0
1519.95,5.0,17.0
1607.61,5.0,18.0
1589.16,5.0,19.0
1535.67,5.0,20.0
1474.2,5.0,21.0
1390.33,5.0,22.0
1298.72,5.0,23.0
1210.77,6.0,0.0
1147.15,6.0,1.0
1110.02,6.0,2.0
1092.73,6.0,3.0
1088.92,6.0,4.0
1098.83,6.0,5.0
1133.93,6.0,6.0
1188.02,6.0,7.0
1257.71,6.0,8.0
1330.73,6.0,9.0
1372.65,6.0,10.0
1389.73,6.0,11.0
1393.41,6.0,12.0
1388.15,6.0,13.0
1370.64,6.0,14.0
1368.04,6.0,15.0
1404.11,6.0,16.0
1533.62,6.0,17.0
1634.33,6.0,18.0
1609.4,6.0,19.0
1549.92,6.0,20.0
1474.73,6.0,21.0
1385.0,6.0,22.0
1284.54,6.0,23.0
1198.99,0.0,0.0
1143.21,0.0,1.0
1111.69,0.0,2.0
1097.58,0.0,3.0
1102.74,0.0,4.0
1135.11,0.0,5.0
1207.65,0.0,6.0
1316.49,0.0,7.0
1412.04,0.0,8.0
1477.55,0.0,9.0
1517.5,0.0,10.0
1544.93,0.0,11.0
1559.92,0.0,12.0
1559.94,0.0,13.0
1541.86,0.0,14.0
1494.65,0.0,15.0
1488.01,0.0,16.0
1576.27,0.0,17.0
1664.61,0.0,18.0
1631.97,0.0,19.0
1558.34,0.0,20.0
1479.83,0.0,21.0
1374.78,0.0,22.0
1257.15,0.0,23.0
1153.87,1.0,0.0
1083.51,1.0,1.0
1050.52,1.0,2.0
1042.06,1.0,3.0
1052.53,1.0,4.0
1094.69,1.0,5.0
1183.98,1.0,6.0
1304.84,1.0,7.0
1414.0,1.0,8.0
1473.48,1.0,9.0
1496.66,1.0,10.0
1513.45,1.0,11.0
1527.51,1.0,12.0
1526.38,1.0,13.0
1535.75,1.0,14.0
1547.67,1.0,15.0
1586.24,1.0,16.0
1701.62,1.0,17.0
1800.7,1.0,18.0
1775.11,1.0,19.0
1708.18,1.0,20.0
1626.02,1.0,21.0
1519.88,1.0,22.0
1406.63,1.0,23.0
1307.57,2.0,0.0
1242.74,2.0,1.0
1210.63,2.0,2.0
1195.63,2.0,3.0
1198.68,2.0,4.0
1229.92,2.0,5.0
1307.39,2.0,6.0
1423.08,2.0,7.0
1517.76,2.0,8.0
1574.84,2.0,9.0
1598.94,2.0,10.0
1616.23,2.0,11.0
1604.72,2.0,12.0
1589.11,2.0,13.0
1579.14,2.0,14.0
1558.56,2.0,15.0
1557.6,2.0,16.0
1636.38,2.0,17.0
1711.09,2.0,18.0
1674.38,2.0,19.0
1601.48,2.0,20.0
1512.72,2.0,21.0
1402.46,2.0,22.0
1278.54,2.0,23.0
1172.78,3.0,0.0
1099.39,3.0,1.0
1058.25,3.0,2.0
1035.52,3.0,3.0
1028.97,3.0,4.0
1050.99,3.0,5.0
1111.39,3.0,6.0
1206.79,3.0,7.0
1298.52,3.0,8.0
1366.49,3.0,9.0
1407.57,3.0,10.0
1435.91,3.0,11.0
1448.22,3.0,12.0
1446.38,3.0,13.0
1442.78,3.0,14.0
1428.45,3.0,15.0
1436.89,3.0,16.0
1527.81,3.0,17.0
1582.65,3.0,18.0
1539.51,3.0,19.0
1467.29,3.0,20.0
1398.79,3.0,21.0
1329.84,3.0,22.0
1261.02,3.0,23.0
